-- phpMyAdmin SQL Dump
-- version 4.9.0.1
-- https://www.phpmyadmin.net/
--
-- Host: 127.0.0.1
-- Generation Time: Oct 17, 2024 at 02:26 AM
-- Server version: 10.4.6-MariaDB
-- PHP Version: 7.3.9

SET SQL_MODE = "NO_AUTO_VALUE_ON_ZERO";
SET AUTOCOMMIT = 0;
START TRANSACTION;
SET time_zone = "+00:00";


/*!40101 SET @OLD_CHARACTER_SET_CLIENT=@@CHARACTER_SET_CLIENT */;
/*!40101 SET @OLD_CHARACTER_SET_RESULTS=@@CHARACTER_SET_RESULTS */;
/*!40101 SET @OLD_COLLATION_CONNECTION=@@COLLATION_CONNECTION */;
/*!40101 SET NAMES utf8mb4 */;

--
-- Database: `mie-sambat`
--

-- --------------------------------------------------------

--
-- Table structure for table `analisis`
--

CREATE TABLE `analisis` (
  `id_analisis` int(11) NOT NULL,
  `id_barang` int(11) NOT NULL,
  `periode` int(11) NOT NULL,
  `tahun` int(11) NOT NULL,
  `eoq` int(11) NOT NULL,
  `rop` int(11) NOT NULL,
  `total_kebutuhan` int(11) NOT NULL,
  `frequensi` int(11) NOT NULL
) ENGINE=InnoDB DEFAULT CHARSET=latin1;

--
-- Dumping data for table `analisis`
--

INSERT INTO `analisis` (`id_analisis`, `id_barang`, `periode`, `tahun`, `eoq`, `rop`, `total_kebutuhan`, `frequensi`) VALUES
(1, 1, 5, 2024, 101, 4, 134, 1);

-- --------------------------------------------------------

--
-- Table structure for table `barang`
--

CREATE TABLE `barang` (
  `id_barang` int(11) NOT NULL,
  `id_kategori` int(11) NOT NULL,
  `nama_barang` varchar(125) NOT NULL,
  `keterangan` varchar(20) NOT NULL,
  `harga_supplier` varchar(20) NOT NULL,
  `gambar` text NOT NULL,
  `stok_min` int(11) NOT NULL,
  `eoq_in` int(11) NOT NULL,
  `stok_gudang` int(11) NOT NULL
) ENGINE=InnoDB DEFAULT CHARSET=latin1;

--
-- Dumping data for table `barang`
--

INSERT INTO `barang` (`id_barang`, `id_kategori`, `nama_barang`, `keterangan`, `harga_supplier`, `gambar`, `stok_min`, `eoq_in`, `stok_gudang`) VALUES
(1, 1, 'Tepung Terigu', 'kg', '11000', 'ab.png', 4, 101, 18),
(2, 1, 'Tepung Tapioka', 'kg', '10000', 'ab.png', 2, 69, 20),
(3, 1, 'Telor', 'kg', '26000', 'ab.png', 3, 72, 0),
(4, 2, 'Ayam', 'kg', '30000', 'ab.png', 0, 0, 0),
(5, 2, 'Garam', 'bungkus', '2000', 'ab.png', 0, 0, 24),
(6, 2, 'Penyedap', 'bungkus', '500', 'ab.png', 0, 0, 0),
(7, 2, 'Minyak', 'liter', '12000', 'ab.png', 0, 0, 0),
(8, 2, 'Kentang', 'kg', '26000', 'ab.png', 0, 0, 0),
(9, 2, 'Keju', 'pcs', '20000', 'ab.png', 0, 0, 20),
(10, 2, 'Kecap', 'bungkus', '5000', 'ab.png', 0, 0, 0),
(11, 2, 'Tepung Roti', 'kg', '6000', 'ab.png', 0, 0, 0),
(12, 3, 'Ceker', 'kg', '10000', 'ab.png', 0, 0, 0),
(13, 3, 'Tulang', 'kg', '6000', 'ab.png', 0, 0, 0),
(14, 3, 'Bakso', 'bungkus', '15000', 'ab.png', 0, 0, 0),
(15, 4, 'Kulit Lumpia', 'bungkus', '5000', 'ab.png', 0, 0, 0),
(16, 4, 'Pisang', 'kg', '4000', 'ab.png', 0, 0, 0),
(17, 4, 'Coklat', 'kg', '10000', 'ab.png', 0, 0, 0);

-- --------------------------------------------------------

--
-- Table structure for table `barang_keluar`
--

CREATE TABLE `barang_keluar` (
  `id_bkeluar` int(11) NOT NULL,
  `tgl_keluar` varchar(20) NOT NULL,
  `total_bayar` varchar(20) NOT NULL
) ENGINE=InnoDB DEFAULT CHARSET=latin1;

--
-- Dumping data for table `barang_keluar`
--

INSERT INTO `barang_keluar` (`id_bkeluar`, `tgl_keluar`, `total_bayar`) VALUES
(3, '2024-09-11', '87500'),
(4, '2024-09-18', '22000');

-- --------------------------------------------------------

--
-- Table structure for table `dbarang_keluar`
--

CREATE TABLE `dbarang_keluar` (
  `id_dbarang` int(11) NOT NULL,
  `id_bkeluar` int(11) NOT NULL,
  `id_barang` int(11) NOT NULL,
  `jumlah` int(11) NOT NULL
) ENGINE=InnoDB DEFAULT CHARSET=latin1;

--
-- Dumping data for table `dbarang_keluar`
--

INSERT INTO `dbarang_keluar` (`id_dbarang`, `id_bkeluar`, `id_barang`, `jumlah`) VALUES
(3, 3, 1, 2),
(4, 3, 3, 1),
(5, 3, 4, 2),
(6, 4, 1, 2);

-- --------------------------------------------------------

--
-- Table structure for table `detail_transaksi`
--

CREATE TABLE `detail_transaksi` (
  `id_detail` int(11) NOT NULL,
  `id_transaksi` int(11) NOT NULL,
  `id_barang` int(11) NOT NULL,
  `qty` int(11) NOT NULL
) ENGINE=InnoDB DEFAULT CHARSET=latin1;

--
-- Dumping data for table `detail_transaksi`
--

INSERT INTO `detail_transaksi` (`id_detail`, `id_transaksi`, `id_barang`, `qty`) VALUES
(1, 1, 15, 13),
(2, 2, 8, 17),
(3, 3, 10, 17),
(4, 4, 7, 19),
(5, 5, 15, 16),
(6, 6, 13, 13),
(7, 7, 13, 23),
(8, 8, 13, 17),
(9, 9, 12, 14),
(10, 10, 15, 10),
(11, 11, 17, 24),
(12, 12, 11, 22),
(13, 13, 8, 16),
(14, 14, 13, 23),
(15, 15, 9, 18),
(16, 16, 5, 12),
(17, 17, 17, 13),
(18, 18, 7, 20),
(19, 19, 17, 11),
(20, 20, 9, 19),
(21, 21, 11, 14),
(22, 22, 14, 21),
(23, 23, 14, 11),
(24, 24, 17, 16),
(25, 25, 7, 18),
(26, 26, 17, 23),
(27, 27, 11, 16),
(28, 28, 6, 25),
(29, 29, 8, 17),
(30, 30, 17, 12),
(31, 31, 15, 25),
(32, 32, 1, 22),
(33, 33, 9, 20),
(34, 34, 15, 22),
(35, 35, 3, 11),
(36, 36, 17, 13),
(37, 37, 1, 15),
(38, 38, 15, 15),
(39, 39, 7, 23),
(40, 40, 11, 14),
(41, 41, 13, 11),
(42, 42, 12, 19),
(43, 43, 14, 20),
(44, 44, 2, 14),
(45, 45, 9, 21),
(46, 46, 7, 15),
(47, 47, 17, 10),
(48, 48, 10, 14),
(49, 49, 5, 22),
(50, 50, 2, 20),
(51, 51, 13, 10),
(52, 52, 5, 20),
(53, 53, 8, 17),
(54, 54, 17, 17),
(55, 55, 11, 20),
(56, 56, 7, 24),
(57, 57, 10, 17),
(58, 58, 17, 18),
(59, 59, 15, 13),
(60, 60, 1, 25),
(61, 61, 10, 19),
(62, 62, 5, 19),
(63, 63, 13, 13),
(64, 64, 15, 22),
(65, 65, 16, 22),
(66, 66, 3, 10),
(67, 67, 8, 16),
(68, 68, 1, 12),
(69, 69, 3, 15),
(70, 70, 10, 23),
(71, 71, 14, 19),
(72, 72, 15, 22),
(73, 73, 13, 20),
(74, 74, 7, 21),
(75, 1, 10, 12),
(76, 2, 7, 11),
(77, 3, 5, 25),
(78, 4, 5, 19),
(79, 5, 15, 15),
(80, 6, 2, 11),
(81, 7, 11, 23),
(82, 8, 3, 17),
(83, 9, 12, 24),
(84, 10, 1, 24),
(85, 11, 5, 13),
(86, 12, 5, 23),
(87, 13, 9, 25),
(88, 14, 7, 22),
(89, 15, 12, 25),
(90, 16, 12, 16),
(91, 17, 15, 14),
(92, 18, 16, 15),
(93, 19, 3, 14),
(94, 20, 8, 23),
(95, 21, 11, 13),
(96, 22, 13, 25),
(97, 23, 2, 10),
(98, 24, 16, 23),
(99, 25, 9, 22),
(100, 26, 17, 16),
(101, 27, 15, 13),
(102, 28, 17, 22),
(103, 29, 13, 24),
(104, 30, 9, 13),
(105, 31, 3, 11),
(106, 32, 4, 23),
(107, 33, 7, 18),
(108, 34, 4, 16),
(109, 35, 8, 17),
(110, 36, 13, 16),
(111, 37, 7, 19),
(112, 38, 12, 20),
(113, 39, 3, 13),
(114, 40, 1, 11),
(115, 41, 14, 19),
(116, 42, 8, 17),
(117, 43, 17, 15),
(118, 44, 6, 11),
(119, 45, 14, 19),
(120, 46, 14, 24),
(121, 47, 3, 23),
(122, 48, 3, 25),
(123, 49, 10, 23),
(124, 50, 8, 16),
(125, 51, 1, 18),
(126, 52, 7, 24),
(127, 53, 7, 21),
(128, 54, 10, 10),
(129, 55, 2, 19),
(130, 56, 15, 14),
(131, 57, 17, 13),
(132, 58, 10, 10),
(133, 59, 10, 20),
(134, 60, 12, 15),
(135, 61, 15, 13),
(136, 62, 5, 23),
(137, 63, 12, 17),
(138, 64, 9, 14),
(139, 65, 3, 10),
(140, 66, 13, 20),
(141, 67, 2, 24),
(142, 68, 6, 13),
(143, 69, 14, 10),
(144, 70, 5, 12),
(145, 71, 14, 11),
(146, 72, 5, 21),
(147, 73, 16, 14),
(148, 74, 9, 19),
(149, 1, 15, 11),
(150, 2, 15, 25),
(151, 3, 9, 14),
(152, 4, 16, 14),
(153, 5, 3, 18),
(154, 6, 12, 17),
(155, 7, 4, 18),
(156, 8, 15, 22),
(157, 9, 5, 15),
(158, 10, 9, 23),
(159, 11, 6, 24),
(160, 12, 2, 20),
(161, 13, 2, 13),
(162, 14, 6, 19),
(163, 15, 10, 16),
(164, 16, 14, 20),
(165, 17, 8, 17),
(166, 18, 12, 24),
(167, 19, 6, 25),
(168, 20, 5, 11),
(169, 21, 14, 16),
(170, 22, 5, 25),
(171, 23, 3, 11),
(172, 24, 5, 23),
(173, 25, 13, 23),
(174, 26, 1, 24),
(175, 27, 13, 21),
(176, 28, 15, 10),
(177, 29, 12, 17),
(178, 30, 4, 18),
(179, 31, 11, 23),
(180, 32, 15, 20),
(181, 33, 7, 18),
(182, 34, 10, 19),
(183, 35, 15, 23),
(184, 36, 9, 13),
(185, 37, 11, 20),
(186, 38, 15, 14),
(187, 39, 1, 19),
(188, 40, 15, 15),
(189, 41, 6, 16),
(190, 42, 4, 18),
(191, 43, 10, 17),
(192, 44, 13, 18),
(193, 45, 16, 10),
(194, 46, 13, 10),
(195, 47, 15, 21),
(196, 48, 10, 12),
(197, 49, 9, 15),
(198, 50, 1, 22),
(199, 51, 16, 14),
(200, 52, 5, 20),
(201, 53, 10, 14),
(202, 54, 3, 21),
(203, 55, 15, 16),
(204, 56, 13, 16),
(205, 57, 15, 18),
(206, 58, 7, 10),
(207, 59, 2, 19),
(208, 60, 17, 21),
(209, 61, 2, 20),
(210, 62, 3, 10),
(211, 63, 16, 14),
(212, 64, 7, 11),
(213, 65, 2, 22),
(214, 66, 10, 15),
(215, 67, 12, 19),
(216, 68, 11, 23),
(217, 69, 13, 12),
(218, 70, 9, 22),
(219, 71, 10, 20),
(220, 72, 15, 21),
(221, 73, 9, 25),
(222, 74, 15, 19),
(223, 1, 13, 24),
(224, 2, 3, 20),
(225, 3, 4, 20),
(226, 4, 15, 21),
(227, 5, 14, 25),
(228, 6, 7, 13),
(229, 7, 5, 25),
(230, 8, 6, 24),
(231, 9, 8, 14),
(232, 10, 14, 14),
(233, 11, 3, 20),
(234, 12, 5, 11),
(235, 13, 1, 12),
(236, 14, 10, 22),
(237, 15, 8, 21),
(238, 16, 13, 13),
(239, 17, 3, 18),
(240, 18, 17, 16),
(241, 19, 14, 13),
(242, 20, 9, 15),
(243, 21, 5, 10),
(244, 22, 5, 14),
(245, 23, 6, 18),
(246, 24, 7, 13),
(247, 25, 15, 22),
(248, 26, 1, 21),
(249, 27, 7, 22),
(250, 28, 14, 11),
(251, 29, 3, 14),
(252, 30, 9, 17),
(253, 31, 17, 20),
(254, 32, 12, 16),
(255, 33, 8, 20),
(256, 34, 12, 13),
(257, 35, 10, 14),
(258, 36, 14, 19),
(259, 37, 10, 20),
(260, 38, 15, 22),
(261, 39, 8, 10),
(262, 40, 9, 11),
(263, 41, 6, 24),
(264, 42, 15, 14),
(265, 43, 3, 22),
(266, 44, 11, 19),
(267, 45, 13, 12),
(268, 46, 3, 17),
(269, 47, 9, 19),
(270, 48, 14, 16),
(271, 49, 11, 24),
(272, 50, 9, 20),
(273, 51, 3, 13),
(274, 52, 10, 17),
(275, 53, 13, 21),
(276, 54, 8, 22),
(277, 55, 9, 13),
(278, 56, 8, 13),
(279, 57, 1, 12),
(280, 58, 2, 18),
(281, 59, 2, 10),
(282, 60, 16, 22),
(283, 61, 17, 14),
(284, 62, 10, 17),
(285, 63, 13, 23),
(286, 64, 12, 10),
(287, 65, 15, 21),
(288, 66, 4, 20),
(289, 67, 4, 19),
(290, 68, 2, 25),
(291, 69, 4, 23),
(292, 70, 15, 15),
(293, 71, 7, 11),
(294, 72, 8, 17),
(295, 73, 14, 11),
(296, 74, 2, 17),
(297, 75, 6, 15),
(298, 76, 11, 22),
(299, 77, 4, 15),
(300, 78, 9, 23),
(301, 79, 14, 13),
(302, 80, 16, 25),
(303, 81, 6, 15),
(304, 82, 9, 20),
(305, 83, 1, 19),
(306, 84, 16, 20),
(307, 85, 2, 25),
(308, 86, 4, 17),
(309, 87, 2, 23),
(310, 88, 5, 12),
(311, 89, 15, 22),
(312, 90, 14, 24),
(313, 91, 13, 12),
(314, 92, 8, 22),
(315, 93, 7, 14),
(316, 94, 2, 10),
(317, 95, 10, 13),
(318, 96, 8, 25),
(319, 97, 12, 23),
(320, 98, 6, 19),
(321, 99, 12, 14),
(322, 100, 10, 13),
(323, 101, 13, 23),
(324, 102, 13, 22),
(325, 103, 16, 17),
(326, 104, 1, 15),
(327, 105, 2, 22),
(328, 106, 12, 15),
(329, 107, 3, 24),
(330, 108, 8, 10),
(331, 109, 17, 25),
(332, 110, 13, 13),
(333, 111, 2, 19),
(334, 112, 9, 17),
(335, 113, 17, 19),
(336, 114, 2, 19),
(337, 115, 8, 25),
(338, 116, 10, 17),
(339, 117, 1, 20),
(340, 118, 17, 25),
(341, 119, 9, 19),
(342, 120, 4, 10),
(343, 121, 11, 14),
(344, 122, 10, 12),
(345, 123, 10, 22),
(346, 124, 7, 10),
(347, 125, 11, 15),
(348, 126, 7, 17),
(349, 127, 16, 14),
(350, 128, 5, 22),
(351, 129, 12, 23),
(352, 130, 1, 12),
(353, 131, 5, 25),
(354, 132, 17, 11),
(355, 133, 15, 22),
(356, 134, 10, 10),
(357, 135, 16, 21),
(358, 136, 17, 21),
(359, 137, 13, 17),
(360, 138, 4, 11),
(361, 139, 3, 19),
(362, 140, 10, 19),
(363, 141, 9, 16),
(364, 142, 5, 17),
(365, 143, 12, 18),
(366, 144, 17, 12),
(367, 145, 4, 18),
(368, 146, 16, 20),
(369, 147, 5, 10),
(370, 148, 12, 10),
(371, 149, 10, 20),
(372, 150, 4, 10),
(373, 151, 10, 15),
(374, 152, 5, 11),
(375, 153, 5, 25),
(376, 154, 12, 12),
(377, 155, 4, 25),
(378, 156, 11, 25),
(379, 157, 1, 22),
(380, 158, 5, 14),
(381, 159, 4, 14),
(382, 160, 11, 13),
(383, 161, 8, 21),
(384, 162, 10, 22),
(385, 163, 15, 16),
(386, 164, 12, 13),
(387, 165, 9, 13),
(388, 166, 15, 20),
(389, 167, 1, 25),
(390, 168, 1, 18),
(391, 169, 6, 10),
(392, 170, 2, 13),
(393, 171, 3, 13),
(394, 172, 16, 22),
(395, 173, 6, 14),
(396, 174, 6, 15),
(397, 175, 4, 22),
(398, 176, 13, 17),
(399, 177, 4, 12),
(400, 178, 3, 25),
(401, 179, 4, 16),
(402, 180, 8, 15),
(403, 181, 2, 21),
(404, 182, 4, 13),
(405, 183, 7, 14),
(406, 184, 5, 10),
(407, 185, 2, 13),
(408, 186, 4, 13),
(409, 187, 8, 13),
(410, 188, 1, 13),
(411, 189, 9, 23),
(412, 190, 17, 12),
(413, 191, 17, 17),
(414, 192, 17, 19),
(415, 193, 12, 17),
(416, 194, 4, 20),
(417, 195, 16, 14),
(418, 196, 4, 18),
(419, 197, 5, 21),
(420, 198, 14, 12),
(421, 199, 11, 25),
(422, 200, 2, 12),
(423, 201, 3, 11),
(424, 202, 14, 14),
(425, 203, 15, 13),
(426, 204, 12, 19),
(427, 205, 3, 12),
(428, 206, 10, 11),
(429, 207, 15, 17),
(430, 208, 5, 21),
(431, 209, 2, 11),
(432, 210, 17, 21),
(433, 211, 4, 16),
(434, 212, 15, 19),
(435, 213, 6, 25),
(436, 214, 3, 22),
(437, 215, 3, 23),
(438, 216, 4, 10),
(439, 217, 11, 10),
(440, 218, 7, 12),
(441, 219, 9, 23),
(442, 220, 2, 24),
(443, 221, 13, 11),
(444, 222, 9, 15),
(445, 223, 16, 25),
(446, 224, 9, 12),
(447, 225, 6, 23),
(448, 226, 4, 13),
(449, 73, 2, 22),
(450, 74, 2, 13),
(451, 75, 9, 20),
(452, 76, 2, 13),
(453, 77, 16, 22),
(454, 78, 15, 20),
(455, 79, 11, 20),
(456, 80, 17, 14),
(457, 81, 8, 21),
(458, 82, 14, 13),
(459, 83, 7, 12),
(460, 84, 16, 18),
(461, 85, 6, 17),
(462, 86, 17, 13),
(463, 87, 4, 25),
(464, 88, 4, 11),
(465, 89, 4, 17),
(466, 90, 7, 24),
(467, 91, 4, 23),
(468, 92, 11, 17),
(469, 93, 11, 10),
(470, 94, 9, 20),
(471, 95, 15, 11),
(472, 96, 7, 19),
(473, 97, 3, 14),
(474, 98, 4, 23),
(475, 99, 17, 17),
(476, 100, 9, 10),
(477, 101, 4, 19),
(478, 102, 7, 24),
(479, 103, 16, 24),
(480, 104, 6, 24),
(481, 105, 8, 16),
(482, 106, 9, 19),
(483, 107, 12, 24),
(484, 108, 15, 14),
(485, 109, 10, 14),
(486, 110, 16, 15),
(487, 111, 6, 12),
(488, 112, 11, 13),
(489, 113, 14, 15),
(490, 114, 2, 23),
(491, 115, 1, 18),
(492, 116, 10, 14),
(493, 117, 4, 24),
(494, 118, 1, 17),
(495, 119, 3, 19),
(496, 120, 17, 11),
(497, 121, 11, 18),
(498, 122, 9, 11),
(499, 123, 14, 22),
(500, 124, 8, 19),
(501, 125, 17, 16),
(502, 126, 17, 18),
(503, 127, 11, 10),
(504, 128, 11, 11),
(505, 129, 11, 12),
(506, 130, 8, 12),
(507, 131, 4, 25),
(508, 132, 4, 11),
(509, 133, 2, 15),
(510, 134, 10, 13),
(511, 135, 17, 11),
(512, 136, 14, 25),
(513, 137, 6, 14),
(514, 138, 2, 16),
(515, 139, 4, 18),
(516, 140, 2, 21),
(517, 141, 11, 11),
(518, 142, 5, 22),
(519, 143, 16, 12),
(520, 144, 5, 25),
(521, 145, 5, 11),
(522, 146, 1, 22),
(523, 147, 8, 12),
(524, 148, 3, 19),
(525, 149, 14, 11),
(526, 150, 8, 19),
(527, 151, 13, 13),
(528, 152, 6, 22),
(529, 153, 15, 13),
(530, 154, 12, 19),
(531, 155, 5, 18),
(532, 156, 7, 14),
(533, 157, 15, 20),
(534, 158, 10, 16),
(535, 159, 6, 14),
(536, 160, 17, 13),
(537, 161, 13, 11),
(538, 162, 10, 17),
(539, 163, 15, 19),
(540, 164, 15, 15),
(541, 165, 1, 14),
(542, 166, 11, 15),
(543, 167, 14, 18),
(544, 168, 12, 11),
(545, 169, 6, 22),
(546, 170, 4, 24),
(547, 171, 16, 14),
(548, 172, 16, 13),
(549, 173, 1, 10),
(550, 174, 8, 16),
(551, 175, 16, 13),
(552, 176, 16, 21),
(553, 177, 13, 10),
(554, 178, 3, 18),
(555, 179, 8, 18),
(556, 180, 2, 23),
(557, 181, 1, 22),
(558, 182, 2, 17),
(559, 183, 13, 13),
(560, 184, 15, 15),
(561, 185, 16, 18),
(562, 186, 2, 20),
(563, 187, 10, 21),
(564, 188, 12, 16),
(565, 189, 14, 23),
(566, 190, 14, 22),
(567, 191, 2, 21),
(568, 192, 1, 19),
(569, 193, 2, 13),
(570, 194, 16, 24),
(571, 195, 10, 22),
(572, 196, 4, 18),
(573, 197, 16, 20),
(574, 198, 15, 19),
(575, 199, 17, 19),
(576, 200, 12, 14),
(577, 201, 7, 22),
(578, 202, 6, 14),
(579, 203, 4, 13),
(580, 204, 10, 21),
(581, 205, 14, 20),
(582, 206, 2, 11),
(583, 207, 13, 12),
(584, 208, 11, 17),
(585, 209, 1, 15),
(586, 210, 8, 19),
(587, 211, 9, 22),
(588, 212, 5, 14),
(589, 213, 6, 21),
(590, 214, 14, 13),
(591, 215, 1, 22),
(592, 216, 14, 21),
(593, 217, 13, 23),
(594, 218, 9, 20),
(595, 219, 4, 20),
(596, 220, 14, 10),
(597, 221, 5, 22),
(598, 222, 15, 19),
(599, 223, 3, 23),
(600, 224, 4, 14),
(601, 225, 6, 19),
(602, 226, 8, 18);

-- --------------------------------------------------------

--
-- Table structure for table `kategori`
--

CREATE TABLE `kategori` (
  `id_kategori` int(11) NOT NULL,
  `nama_kategori` varchar(125) NOT NULL
) ENGINE=InnoDB DEFAULT CHARSET=latin1;

--
-- Dumping data for table `kategori`
--

INSERT INTO `kategori` (`id_kategori`, `nama_kategori`) VALUES
(1, 'Mie'),
(2, 'Cemilan'),
(3, 'Pedesan'),
(4, 'Dessert');

-- --------------------------------------------------------

--
-- Table structure for table `pengguna`
--

CREATE TABLE `pengguna` (
  `id_pengguna` int(11) NOT NULL,
  `nama` varchar(125) NOT NULL,
  `alamat` text NOT NULL,
  `no_hp` varchar(15) NOT NULL,
  `username` varchar(125) NOT NULL,
  `password` varchar(125) NOT NULL,
  `level_pengguna` int(11) NOT NULL
) ENGINE=InnoDB DEFAULT CHARSET=latin1;

--
-- Dumping data for table `pengguna`
--

INSERT INTO `pengguna` (`id_pengguna`, `nama`, `alamat`, `no_hp`, `username`, `password`, `level_pengguna`) VALUES
(1, 'Ubaydi', 'Kuningan', '089987612343', 'admin', 'admin', 1),
(2, 'Gudang', 'Kuningan', '089987651212', 'gudang', 'gudang', 2),
(3, 'Supplier 1', 'Kuningan', '089987654543', 'supplier', 'supplier', 3),
(5, 'Pemilik', 'Kuningan', '089987654543', 'pemilik', 'pemilik', 4),
(6, 'Supplier 2', 'Kuningan, Jawa Barat', '089987654543', 'supplier2', 'supplier2', 3),
(7, 'Supplier 3', 'Kuningan, Jawa Barat', '089987654323', 'supplier3', 'supplier3', 3);

-- --------------------------------------------------------

--
-- Table structure for table `transaksi`
--

CREATE TABLE `transaksi` (
  `id_transaksi` int(11) NOT NULL,
  `id_pengguna` int(11) NOT NULL,
  `tgl` varchar(20) NOT NULL,
  `total_bayar` varchar(20) NOT NULL,
  `stat_pembayaran` int(11) NOT NULL,
  `bukti_bayar` text NOT NULL,
  `stat_transaksi` int(11) NOT NULL
) ENGINE=InnoDB DEFAULT CHARSET=latin1;

--
-- Dumping data for table `transaksi`
--

INSERT INTO `transaksi` (`id_transaksi`, `id_pengguna`, `tgl`, `total_bayar`, `stat_pembayaran`, `bukti_bayar`, `stat_transaksi`) VALUES
(1, 3, '2024-05-01', '0', 1, '0', 3),
(2, 3, '2024-05-08', '0', 1, '0', 3),
(3, 3, '2024-05-15', '0', 1, '0', 3),
(4, 3, '2024-05-22', '0', 1, '0', 3),
(5, 3, '2024-05-29', '0', 1, '0', 3),
(6, 3, '2024-06-05', '0', 1, '0', 3),
(7, 3, '2024-06-12', '0', 1, '0', 3),
(8, 3, '2024-06-19', '0', 1, '0', 3),
(9, 3, '2024-06-26', '0', 1, '0', 3),
(10, 3, '2024-07-03', '0', 1, '0', 3),
(11, 3, '2024-07-10', '0', 1, '0', 3),
(12, 3, '2024-07-17', '0', 1, '0', 3),
(13, 3, '2024-07-24', '0', 1, '0', 3),
(14, 3, '2024-07-31', '0', 1, '0', 3),
(15, 3, '2024-08-07', '0', 1, '0', 3),
(16, 3, '2024-08-14', '0', 1, '0', 3),
(17, 3, '2024-08-21', '0', 1, '0', 3),
(18, 3, '2024-08-28', '0', 1, '0', 3),
(19, 3, '2024-09-04', '0', 1, '0', 3),
(20, 3, '2024-09-11', '0', 1, '0', 3),
(21, 3, '2024-09-18', '0', 1, '0', 3),
(22, 3, '2024-09-25', '0', 1, '0', 3),
(23, 3, '2024-05-02', '0', 1, '0', 3),
(24, 3, '2024-05-08', '0', 1, '0', 3),
(25, 3, '2024-05-14', '0', 1, '0', 3),
(26, 3, '2024-05-20', '0', 1, '0', 3),
(27, 3, '2024-05-26', '0', 1, '0', 3),
(28, 3, '2024-06-01', '0', 1, '0', 3),
(29, 3, '2024-06-07', '0', 1, '0', 3),
(30, 3, '2024-06-13', '0', 1, '0', 3),
(31, 3, '2024-06-19', '0', 1, '0', 3),
(32, 3, '2024-06-25', '0', 1, '0', 3),
(33, 3, '2024-07-01', '0', 1, '0', 3),
(34, 3, '2024-07-07', '0', 1, '0', 3),
(35, 3, '2024-07-13', '0', 1, '0', 3),
(36, 3, '2024-07-19', '0', 1, '0', 3),
(37, 3, '2024-07-25', '0', 1, '0', 3),
(38, 3, '2024-07-31', '0', 1, '0', 3),
(39, 3, '2024-08-06', '0', 1, '0', 3),
(40, 3, '2024-08-12', '0', 1, '0', 3),
(41, 3, '2024-08-18', '0', 1, '0', 3),
(42, 3, '2024-08-24', '0', 1, '0', 3),
(43, 3, '2024-08-30', '0', 1, '0', 3),
(44, 3, '2024-09-05', '0', 1, '0', 3),
(45, 3, '2024-09-11', '0', 1, '0', 3),
(46, 3, '2024-09-17', '0', 1, '0', 3),
(47, 3, '2024-09-23', '0', 1, '0', 3),
(48, 3, '2024-09-29', '0', 1, '0', 3),
(49, 3, '2024-05-03', '0', 1, '0', 3),
(50, 3, '2024-05-09', '0', 1, '0', 3),
(51, 3, '2024-05-15', '0', 1, '0', 3),
(52, 3, '2024-05-21', '0', 1, '0', 3),
(53, 3, '2024-05-27', '0', 1, '0', 3),
(54, 3, '2024-06-02', '0', 1, '0', 3),
(55, 3, '2024-06-08', '0', 1, '0', 3),
(56, 3, '2024-06-14', '0', 1, '0', 3),
(57, 3, '2024-06-20', '0', 1, '0', 3),
(58, 3, '2024-06-26', '0', 1, '0', 3),
(59, 3, '2024-07-02', '0', 1, '0', 3),
(60, 3, '2024-07-08', '0', 1, '0', 3),
(61, 3, '2024-07-14', '0', 1, '0', 3),
(62, 3, '2024-07-20', '0', 1, '0', 3),
(63, 3, '2024-07-26', '0', 1, '0', 3),
(64, 3, '2024-08-01', '0', 1, '0', 3),
(65, 3, '2024-08-07', '0', 1, '0', 3),
(66, 3, '2024-08-13', '0', 1, '0', 3),
(67, 3, '2024-08-19', '0', 1, '0', 3),
(68, 3, '2024-08-25', '0', 1, '0', 3),
(69, 3, '2024-08-31', '0', 1, '0', 3),
(70, 3, '2024-09-06', '0', 1, '0', 3),
(71, 3, '2024-09-12', '0', 1, '0', 3),
(72, 3, '2024-09-18', '0', 1, '0', 3),
(73, 3, '2024-09-24', '0', 1, '0', 3),
(74, 3, '2024-09-30', '0', 1, '0', 3),
(75, 3, '2024-05-04', '0', 1, '0', 3),
(76, 3, '2024-05-09', '0', 1, '0', 3),
(77, 3, '2024-05-14', '0', 1, '0', 3),
(78, 3, '2024-05-19', '0', 1, '0', 3),
(79, 3, '2024-05-24', '0', 1, '0', 3),
(80, 3, '2024-05-29', '0', 1, '0', 3),
(81, 3, '2024-06-03', '0', 1, '0', 3),
(82, 3, '2024-06-08', '0', 1, '0', 3),
(83, 3, '2024-06-13', '0', 1, '0', 3),
(84, 3, '2024-06-18', '0', 1, '0', 3),
(85, 3, '2024-06-23', '0', 1, '0', 3),
(86, 3, '2024-06-28', '0', 1, '0', 3),
(87, 3, '2024-07-03', '0', 1, '0', 3),
(88, 3, '2024-07-08', '0', 1, '0', 3),
(89, 3, '2024-07-13', '0', 1, '0', 3),
(90, 3, '2024-07-18', '0', 1, '0', 3),
(91, 3, '2024-07-23', '0', 1, '0', 3),
(92, 3, '2024-07-28', '0', 1, '0', 3),
(93, 3, '2024-08-02', '0', 1, '0', 3),
(94, 3, '2024-08-07', '0', 1, '0', 3),
(95, 3, '2024-08-12', '0', 1, '0', 3),
(96, 3, '2024-08-17', '0', 1, '0', 3),
(97, 3, '2024-08-22', '0', 1, '0', 3),
(98, 3, '2024-08-27', '0', 1, '0', 3),
(99, 3, '2024-09-01', '0', 1, '0', 3),
(100, 3, '2024-09-06', '0', 1, '0', 3),
(101, 3, '2024-09-11', '0', 1, '0', 3),
(102, 3, '2024-09-16', '0', 1, '0', 3),
(103, 3, '2024-09-21', '0', 1, '0', 3),
(104, 3, '2024-09-26', '0', 1, '0', 3),
(105, 3, '2024-05-06', '0', 1, '0', 3),
(106, 3, '2024-05-12', '0', 1, '0', 3),
(107, 3, '2024-05-18', '0', 1, '0', 3),
(108, 3, '2024-05-24', '0', 1, '0', 3),
(109, 3, '2024-05-30', '0', 1, '0', 3),
(110, 3, '2024-06-05', '0', 1, '0', 3),
(111, 3, '2024-06-11', '0', 1, '0', 3),
(112, 3, '2024-06-17', '0', 1, '0', 3),
(113, 3, '2024-06-23', '0', 1, '0', 3),
(114, 3, '2024-06-29', '0', 1, '0', 3),
(115, 3, '2024-07-05', '0', 1, '0', 3),
(116, 3, '2024-07-11', '0', 1, '0', 3),
(117, 3, '2024-07-17', '0', 1, '0', 3),
(118, 3, '2024-07-23', '0', 1, '0', 3),
(119, 3, '2024-07-29', '0', 1, '0', 3),
(120, 3, '2024-08-04', '0', 1, '0', 3),
(121, 3, '2024-08-10', '0', 1, '0', 3),
(122, 3, '2024-08-16', '0', 1, '0', 3),
(123, 3, '2024-08-22', '0', 1, '0', 3),
(124, 3, '2024-08-28', '0', 1, '0', 3),
(125, 3, '2024-09-03', '0', 1, '0', 3),
(126, 3, '2024-09-09', '0', 1, '0', 3),
(127, 3, '2024-09-15', '0', 1, '0', 3),
(128, 3, '2024-09-21', '0', 1, '0', 3),
(129, 3, '2024-09-27', '0', 1, '0', 3),
(130, 3, '2024-05-08', '0', 1, '0', 3),
(131, 3, '2024-05-15', '0', 1, '0', 3),
(132, 3, '2024-05-22', '0', 1, '0', 3),
(133, 3, '2024-05-29', '0', 1, '0', 3),
(134, 3, '2024-06-05', '0', 1, '0', 3),
(135, 3, '2024-06-12', '0', 1, '0', 3),
(136, 3, '2024-06-19', '0', 1, '0', 3),
(137, 3, '2024-06-26', '0', 1, '0', 3),
(138, 3, '2024-07-03', '0', 1, '0', 3),
(139, 3, '2024-07-10', '0', 1, '0', 3),
(140, 3, '2024-07-17', '0', 1, '0', 3),
(141, 3, '2024-07-24', '0', 1, '0', 3),
(142, 3, '2024-07-31', '0', 1, '0', 3),
(143, 3, '2024-08-07', '0', 1, '0', 3),
(144, 3, '2024-08-14', '0', 1, '0', 3),
(145, 3, '2024-08-21', '0', 1, '0', 3),
(146, 3, '2024-08-28', '0', 1, '0', 3),
(147, 3, '2024-09-04', '0', 1, '0', 3),
(148, 3, '2024-09-11', '0', 1, '0', 3),
(149, 3, '2024-09-18', '0', 1, '0', 3),
(150, 3, '2024-09-25', '0', 1, '0', 3),
(151, 3, '2024-05-04', '0', 1, '0', 3),
(152, 3, '2024-05-09', '0', 1, '0', 3),
(153, 3, '2024-05-14', '0', 1, '0', 3),
(154, 3, '2024-05-19', '0', 1, '0', 3),
(155, 3, '2024-05-24', '0', 1, '0', 3),
(156, 3, '2024-05-29', '0', 1, '0', 3),
(157, 3, '2024-06-03', '0', 1, '0', 3),
(158, 3, '2024-06-08', '0', 1, '0', 3),
(159, 3, '2024-06-13', '0', 1, '0', 3),
(160, 3, '2024-06-18', '0', 1, '0', 3),
(161, 3, '2024-06-23', '0', 1, '0', 3),
(162, 3, '2024-06-28', '0', 1, '0', 3),
(163, 3, '2024-07-03', '0', 1, '0', 3),
(164, 3, '2024-07-08', '0', 1, '0', 3),
(165, 3, '2024-07-13', '0', 1, '0', 3),
(166, 3, '2024-07-18', '0', 1, '0', 3),
(167, 3, '2024-07-23', '0', 1, '0', 3),
(168, 3, '2024-07-28', '0', 1, '0', 3),
(169, 3, '2024-08-02', '0', 1, '0', 3),
(170, 3, '2024-08-07', '0', 1, '0', 3),
(171, 3, '2024-08-12', '0', 1, '0', 3),
(172, 3, '2024-08-17', '0', 1, '0', 3),
(173, 3, '2024-08-22', '0', 1, '0', 3),
(174, 3, '2024-08-27', '0', 1, '0', 3),
(175, 3, '2024-09-01', '0', 1, '0', 3),
(176, 3, '2024-09-06', '0', 1, '0', 3),
(177, 3, '2024-09-11', '0', 1, '0', 3),
(178, 3, '2024-09-16', '0', 1, '0', 3),
(179, 3, '2024-09-21', '0', 1, '0', 3),
(180, 3, '2024-09-26', '0', 1, '0', 3),
(181, 3, '2024-05-06', '0', 1, '0', 3),
(182, 3, '2024-05-12', '0', 1, '0', 3),
(183, 3, '2024-05-18', '0', 1, '0', 3),
(184, 3, '2024-05-24', '0', 1, '0', 3),
(185, 3, '2024-05-30', '0', 1, '0', 3),
(186, 3, '2024-06-05', '0', 1, '0', 3),
(187, 3, '2024-06-11', '0', 1, '0', 3),
(188, 3, '2024-06-17', '0', 1, '0', 3),
(189, 3, '2024-06-23', '0', 1, '0', 3),
(190, 3, '2024-06-29', '0', 1, '0', 3),
(191, 3, '2024-07-05', '0', 1, '0', 3),
(192, 3, '2024-07-11', '0', 1, '0', 3),
(193, 3, '2024-07-17', '0', 1, '0', 3),
(194, 3, '2024-07-23', '0', 1, '0', 3),
(195, 3, '2024-07-29', '0', 1, '0', 3),
(196, 3, '2024-08-04', '0', 1, '0', 3),
(197, 3, '2024-08-10', '0', 1, '0', 3),
(198, 3, '2024-08-16', '0', 1, '0', 3),
(199, 3, '2024-08-22', '0', 1, '0', 3),
(200, 3, '2024-08-28', '0', 1, '0', 3),
(201, 3, '2024-09-03', '0', 1, '0', 3),
(202, 3, '2024-09-09', '0', 1, '0', 3),
(203, 3, '2024-09-15', '0', 1, '0', 3),
(204, 3, '2024-09-21', '0', 1, '0', 3),
(205, 3, '2024-09-27', '0', 1, '0', 3),
(206, 3, '2024-05-08', '0', 1, '0', 3),
(207, 3, '2024-05-15', '0', 1, '0', 3),
(208, 3, '2024-05-22', '0', 1, '0', 3),
(209, 3, '2024-05-29', '0', 1, '0', 3),
(210, 3, '2024-06-05', '0', 1, '0', 3),
(211, 3, '2024-06-12', '0', 1, '0', 3),
(212, 3, '2024-06-19', '0', 1, '0', 3),
(213, 3, '2024-06-26', '0', 1, '0', 3),
(214, 3, '2024-07-03', '0', 1, '0', 3),
(215, 3, '2024-07-10', '0', 1, '0', 3),
(216, 3, '2024-07-17', '0', 1, '0', 3),
(217, 3, '2024-07-24', '0', 1, '0', 3),
(218, 3, '2024-07-31', '0', 1, '0', 3),
(219, 3, '2024-08-07', '0', 1, '0', 3),
(220, 3, '2024-08-14', '0', 1, '0', 3),
(221, 3, '2024-08-21', '0', 1, '0', 3),
(222, 3, '2024-08-28', '0', 1, '0', 3),
(223, 3, '2024-09-04', '0', 1, '0', 3),
(224, 3, '2024-09-11', '0', 1, '0', 3),
(225, 3, '2024-09-18', '0', 1, '0', 3),
(226, 3, '2024-09-25', '0', 1, '0', 3);

--
-- Indexes for dumped tables
--

--
-- Indexes for table `analisis`
--
ALTER TABLE `analisis`
  ADD PRIMARY KEY (`id_analisis`);

--
-- Indexes for table `barang`
--
ALTER TABLE `barang`
  ADD PRIMARY KEY (`id_barang`);

--
-- Indexes for table `barang_keluar`
--
ALTER TABLE `barang_keluar`
  ADD PRIMARY KEY (`id_bkeluar`);

--
-- Indexes for table `dbarang_keluar`
--
ALTER TABLE `dbarang_keluar`
  ADD PRIMARY KEY (`id_dbarang`);

--
-- Indexes for table `detail_transaksi`
--
ALTER TABLE `detail_transaksi`
  ADD PRIMARY KEY (`id_detail`);

--
-- Indexes for table `kategori`
--
ALTER TABLE `kategori`
  ADD PRIMARY KEY (`id_kategori`);

--
-- Indexes for table `pengguna`
--
ALTER TABLE `pengguna`
  ADD PRIMARY KEY (`id_pengguna`);

--
-- Indexes for table `transaksi`
--
ALTER TABLE `transaksi`
  ADD PRIMARY KEY (`id_transaksi`);

--
-- AUTO_INCREMENT for dumped tables
--

--
-- AUTO_INCREMENT for table `analisis`
--
ALTER TABLE `analisis`
  MODIFY `id_analisis` int(11) NOT NULL AUTO_INCREMENT, AUTO_INCREMENT=2;

--
-- AUTO_INCREMENT for table `barang`
--
ALTER TABLE `barang`
  MODIFY `id_barang` int(11) NOT NULL AUTO_INCREMENT, AUTO_INCREMENT=18;

--
-- AUTO_INCREMENT for table `barang_keluar`
--
ALTER TABLE `barang_keluar`
  MODIFY `id_bkeluar` int(11) NOT NULL AUTO_INCREMENT, AUTO_INCREMENT=5;

--
-- AUTO_INCREMENT for table `dbarang_keluar`
--
ALTER TABLE `dbarang_keluar`
  MODIFY `id_dbarang` int(11) NOT NULL AUTO_INCREMENT, AUTO_INCREMENT=7;

--
-- AUTO_INCREMENT for table `detail_transaksi`
--
ALTER TABLE `detail_transaksi`
  MODIFY `id_detail` int(11) NOT NULL AUTO_INCREMENT, AUTO_INCREMENT=603;

--
-- AUTO_INCREMENT for table `kategori`
--
ALTER TABLE `kategori`
  MODIFY `id_kategori` int(11) NOT NULL AUTO_INCREMENT, AUTO_INCREMENT=5;

--
-- AUTO_INCREMENT for table `pengguna`
--
ALTER TABLE `pengguna`
  MODIFY `id_pengguna` int(11) NOT NULL AUTO_INCREMENT, AUTO_INCREMENT=8;

--
-- AUTO_INCREMENT for table `transaksi`
--
ALTER TABLE `transaksi`
  MODIFY `id_transaksi` int(11) NOT NULL AUTO_INCREMENT, AUTO_INCREMENT=227;
COMMIT;

/*!40101 SET CHARACTER_SET_CLIENT=@OLD_CHARACTER_SET_CLIENT */;
/*!40101 SET CHARACTER_SET_RESULTS=@OLD_CHARACTER_SET_RESULTS */;
/*!40101 SET COLLATION_CONNECTION=@OLD_COLLATION_CONNECTION */;
